CREATE DATABASE  IF NOT EXISTS `doghoogam` /*!40100 DEFAULT CHARACTER SET utf8mb4 COLLATE utf8mb4_0900_ai_ci */ /*!80016 DEFAULT ENCRYPTION='N' */;
USE `doghoogam`;
-- MySQL dump 10.13  Distrib 8.0.29, for Win64 (x86_64)
--
-- Host: k7c103.p.ssafy.io    Database: doghoogam
-- ------------------------------------------------------
-- Server version	8.0.31-0ubuntu0.20.04.1

/*!40101 SET @OLD_CHARACTER_SET_CLIENT=@@CHARACTER_SET_CLIENT */;
/*!40101 SET @OLD_CHARACTER_SET_RESULTS=@@CHARACTER_SET_RESULTS */;
/*!40101 SET @OLD_COLLATION_CONNECTION=@@COLLATION_CONNECTION */;
/*!50503 SET NAMES utf8 */;
/*!40103 SET @OLD_TIME_ZONE=@@TIME_ZONE */;
/*!40103 SET TIME_ZONE='+00:00' */;
/*!40014 SET @OLD_UNIQUE_CHECKS=@@UNIQUE_CHECKS, UNIQUE_CHECKS=0 */;
/*!40014 SET @OLD_FOREIGN_KEY_CHECKS=@@FOREIGN_KEY_CHECKS, FOREIGN_KEY_CHECKS=0 */;
/*!40101 SET @OLD_SQL_MODE=@@SQL_MODE, SQL_MODE='NO_AUTO_VALUE_ON_ZERO' */;
/*!40111 SET @OLD_SQL_NOTES=@@SQL_NOTES, SQL_NOTES=0 */;

--
-- Table structure for table `dept`
--

DROP TABLE IF EXISTS `dept`;
/*!40101 SET @saved_cs_client     = @@character_set_client */;
/*!50503 SET character_set_client = utf8mb4 */;
CREATE TABLE `dept` (
  `dept_no` int NOT NULL,
  `d_name` varchar(255) DEFAULT NULL,
  `loc` varchar(255) DEFAULT NULL,
  `time` datetime(6) DEFAULT NULL,
  PRIMARY KEY (`dept_no`)
) ENGINE=InnoDB DEFAULT CHARSET=utf8mb4 COLLATE=utf8mb4_0900_ai_ci;
/*!40101 SET character_set_client = @saved_cs_client */;

--
-- Dumping data for table `dept`
--

LOCK TABLES `dept` WRITE;
/*!40000 ALTER TABLE `dept` DISABLE KEYS */;
INSERT INTO `dept` VALUES (1,'dname_1','loc_1','2021-01-02 00:00:00.000000'),(2,'dname_2','loc_2','2021-01-03 00:00:00.000000'),(3,'dname_3','loc_3','2021-01-04 00:00:00.000000'),(4,'dname_4','loc_4','2021-01-05 00:00:00.000000'),(5,'dname_5','loc_5','2021-01-06 00:00:00.000000'),(6,'dname_6','loc_6','2021-01-07 00:00:00.000000'),(7,'dname_7','loc_7','2021-01-08 00:00:00.000000'),(8,'dname_8','loc_8','2021-01-09 00:00:00.000000'),(9,'dname_9','loc_9','2021-01-10 00:00:00.000000'),(10,'dname_10','loc_10','2021-01-11 00:00:00.000000'),(11,'dname_11','loc_11','2021-01-12 00:00:00.000000'),(12,'dname_12','loc_12','2021-01-13 00:00:00.000000'),(13,'dname_13','loc_13','2021-01-14 00:00:00.000000'),(14,'dname_14','loc_14','2021-01-15 00:00:00.000000'),(15,'dname_15','loc_15','2021-01-16 00:00:00.000000'),(16,'dname_16','loc_16','2021-01-17 00:00:00.000000'),(17,'dname_17','loc_17','2021-01-18 00:00:00.000000'),(18,'dname_18','loc_18','2021-01-19 00:00:00.000000'),(19,'dname_19','loc_19','2021-01-20 00:00:00.000000'),(20,'dname_20','loc_20','2021-01-21 00:00:00.000000'),(21,'dname_21','loc_21','2021-01-22 00:00:00.000000'),(22,'dname_22','loc_22','2021-01-23 00:00:00.000000'),(23,'dname_23','loc_23','2021-01-24 00:00:00.000000'),(24,'dname_24','loc_24','2021-01-25 00:00:00.000000');
/*!40000 ALTER TABLE `dept` ENABLE KEYS */;
UNLOCK TABLES;

--
-- Table structure for table `dog`
--

DROP TABLE IF EXISTS `dog`;
/*!40101 SET @saved_cs_client     = @@character_set_client */;
/*!50503 SET character_set_client = utf8mb4 */;
CREATE TABLE `dog` (
  `dog_pk` int NOT NULL AUTO_INCREMENT,
  `birthday` datetime(6) DEFAULT NULL,
  `create_date` datetime(6) DEFAULT NULL,
  `dog_breed` varchar(255) DEFAULT NULL,
  `dog_character` varchar(255) DEFAULT NULL,
  `dog_img` varchar(255) DEFAULT NULL,
  `dog_name` varchar(255) DEFAULT NULL,
  `dog_number` varchar(255) DEFAULT NULL,
  `is_hide` bit(1) NOT NULL,
  `transaction_hash` varchar(255) DEFAULT NULL,
  `user_pk` int DEFAULT NULL,
  `uni_pk` int DEFAULT NULL,
  PRIMARY KEY (`dog_pk`),
  KEY `FKn287fdk2i56cebm43yjbibhjg` (`user_pk`),
  KEY `FKkvq3lo18uj3is7hrbc47oi5g2` (`uni_pk`),
  CONSTRAINT `FKkvq3lo18uj3is7hrbc47oi5g2` FOREIGN KEY (`uni_pk`) REFERENCES `user` (`user_pk`),
  CONSTRAINT `FKn287fdk2i56cebm43yjbibhjg` FOREIGN KEY (`user_pk`) REFERENCES `user` (`user_pk`)
) ENGINE=InnoDB AUTO_INCREMENT=51 DEFAULT CHARSET=utf8mb4 COLLATE=utf8mb4_0900_ai_ci;
/*!40101 SET character_set_client = @saved_cs_client */;

--
-- Dumping data for table `dog`
--

LOCK TABLES `dog` WRITE;
/*!40000 ALTER TABLE `dog` DISABLE KEYS */;
INSERT INTO `dog` VALUES (37,'2022-11-21 09:00:00.000000','2022-11-17 15:19:20.018000','시고르잡종','양아지','https://s3.ap-northeast-2.amazonaws.com/c103/P/P_14f2ff2f-034c-49af-8633-296e96c47c2a_%E3%85%82%E3%85%82.jpg','토토','123354362346',_binary '\0','0x0ca75ba1645f6631bb5fbff90eff5307f78a759810b8cbaf2f9b2406b8f32b1d',4,NULL),(38,'2022-11-09 09:00:00.000000','2022-11-17 15:33:03.998000','진돗','온순','https://s3.ap-northeast-2.amazonaws.com/c103/P/P_afcda4e5-3b06-4e32-9edb-dfac74dc3059_%EA%B0%95%EC%A7%802.jfif','뭉크1','393939399',_binary '\0','0xf075d4dd4953932d52d0925a0956b40982ad848608f9705b5a04e69e0a61b50c',7,NULL),(39,'2020-05-22 09:00:00.000000','2022-11-17 15:35:21.967000','진돗개','조금 사나워요 ','https://s3.ap-northeast-2.amazonaws.com/c103/P/P_6b9acb0e-ddb0-4642-b773-0f4f8df8546e_%EB%AD%89%ED%81%AC.PNG','제뭉','1',_binary '\0','0xd0a0807b9846199589e5351354339c0d4bca8785ab8efef44d61bcfd815129ad',19,NULL),(41,'2022-11-17 09:00:00.000000','2022-11-17 15:38:02.123000','ㅂㅂ','ㅂㅂ','https://s3.ap-northeast-2.amazonaws.com/c103/P/P_53698eca-5e6c-4d55-8997-f45f120346c1_BDC244F9-CDFE-45D4-BF20-0524D4EA081F.jpeg','행송','11',_binary '\0','0x91cd819dd43d5f3ef5f486746e3b38d71e2218a46d463a31867a0b19add88625',5,NULL),(43,'2022-11-07 09:00:00.000000','2022-11-18 11:20:57.238000','비글','착해요','https://s3.ap-northeast-2.amazonaws.com/c103/P/P_4538e626-15b4-411a-92aa-91024a98c767_%EA%B0%95%EC%95%84%EC%A7%80%EC%82%AC%EC%A7%84.jpg','동띵이','123456',_binary '\0','0xe4f3eeaf3969ccbee17be40a5c1b7e5c1ea54a2a5b87c4ac648f7e7dd07f0dff',1,NULL),(44,'2022-10-11 09:00:00.000000','2022-11-18 15:30:48.076000','진돗개','난폭함','https://s3.ap-northeast-2.amazonaws.com/c103/P/P_a2d300d1-1140-4f1a-9e2f-fc23c8a44986_%EC%8B%B8%ED%94%BC%EB%96%B5%EC%9C%A0.jpg','떵유','111',_binary '\0','0xb7760d8da1826ff6a63453c4140e34b245b2d0bbf8346e6512cce7bb3214a6be',6,NULL),(45,'2022-11-02 09:00:00.000000','2022-11-18 15:32:02.189000','선구리','선구리','https://s3.ap-northeast-2.amazonaws.com/c103/P/P_b813722c-ebcb-4b39-bc91-09b3d0ea07bf_pngwing.com.png','썬구리','1234',_binary '\0','0xe817d4700c316665476e43687ffdda2f8bc6df0e3501e0ec4257380463ad8349',1,NULL),(46,'2021-01-01 09:00:00.000000','2022-11-18 15:33:35.047000','리트리버','하이','https://s3.ap-northeast-2.amazonaws.com/c103/P/P_ec3a61ca-cbfa-4ac6-8c67-79887708fd4f_logo.png','안녕','2',_binary '\0','0x631c591643699b27f8c372c0146fc9c8405dc8b8bdc4e57458a3672f1553ff76',19,NULL),(47,'2022-11-02 09:00:00.000000','2022-11-18 15:37:14.563000','진돗개','화가 많음','https://s3.ap-northeast-2.amazonaws.com/c103/P/P_86196046-51ac-449b-b722-2e0a15037b84_%EA%B0%95%EC%A7%801.jpg','뭉크2','34234324',_binary '\0','0xbee7bbd1a38ed7a45a32c182d657e7a0f41ebbaccabaa1cfa580c7285f1cba20',7,NULL),(48,'2022-11-03 09:00:00.000000','2022-11-18 15:37:35.405000','포메라니안','사람을 물어요','https://s3.ap-northeast-2.amazonaws.com/c103/P/P_7c8fe2bc-8577-4a78-acbf-8f71caef4c34___.jpeg','후건','',_binary '\0','0x57b9ba8934afe21840f27909b5f7bca54ef493789c63c3e965bc86089def38fe',3,NULL),(49,'2022-11-03 09:00:00.000000','2022-11-18 15:42:57.616000','포메라니안','순해요!','https://s3.ap-northeast-2.amazonaws.com/c103/P/P_f4f8e088-0c18-4746-a409-6ffe19a7d006_F55A7F1D-7EA8-4FA8-8E49-F85B4678CEA8.jpeg','사랑이','',_binary '\0','0xfea4396264fca4c8cdd3adc6d240202097c084e8b9ce07241298beb9493a5131',3,NULL),(50,'2022-11-11 09:00:00.000000','2022-11-18 20:19:48.887000','33','11','https://s3.ap-northeast-2.amazonaws.com/c103/P/P_6a8f0c96-f163-44fa-ad93-0c74cf11e981_lecturer_16-removebg-preview.png','11','22',_binary '\0','0xe6caaefa94478b260f1b3117ee8ba09c750d9caed503d7b58d6f12713120b962',1,NULL);
/*!40000 ALTER TABLE `dog` ENABLE KEYS */;
UNLOCK TABLES;

--
-- Table structure for table `feed`
--

DROP TABLE IF EXISTS `feed`;
/*!40101 SET @saved_cs_client     = @@character_set_client */;
/*!50503 SET character_set_client = utf8mb4 */;
CREATE TABLE `feed` (
  `feed_pk` int NOT NULL AUTO_INCREMENT,
  `content` varchar(255) DEFAULT NULL,
  `create_date` datetime(6) DEFAULT NULL,
  `dog_pk_list` varchar(255) DEFAULT NULL,
  `feed_img` varchar(255) DEFAULT NULL,
  `is_hide` bit(1) NOT NULL,
  `lat` double NOT NULL,
  `lng` double NOT NULL,
  `transaction_hash` varchar(255) DEFAULT NULL,
  `user_pk` int DEFAULT NULL,
  `dog_pk` int DEFAULT NULL,
  PRIMARY KEY (`feed_pk`),
  KEY `FK286cgp06btwn215esar2kr6k3` (`user_pk`),
  KEY `FKtqc5pl81cw57ptxibkhwbp87` (`dog_pk`),
  CONSTRAINT `FK286cgp06btwn215esar2kr6k3` FOREIGN KEY (`user_pk`) REFERENCES `user` (`user_pk`),
  CONSTRAINT `FKtqc5pl81cw57ptxibkhwbp87` FOREIGN KEY (`dog_pk`) REFERENCES `dog` (`dog_pk`)
) ENGINE=InnoDB AUTO_INCREMENT=80 DEFAULT CHARSET=utf8mb4 COLLATE=utf8mb4_0900_ai_ci;
/*!40101 SET character_set_client = @saved_cs_client */;

--
-- Dumping data for table `feed`
--

LOCK TABLES `feed` WRITE;
/*!40000 ALTER TABLE `feed` DISABLE KEYS */;
INSERT INTO `feed` VALUES (73,'즐거운 산책 날','2022-11-21 09:30:33.148000',NULL,'https://s3.ap-northeast-2.amazonaws.com/c103/P/P_89a3d19b-d0d7-4908-9641-4fd011a9c134_1668990433377.jpg',_binary '\0',35.20463546307009,126.81103745442832,'0x649095984c8f8a2107962c136d2392dc9de5143ba906ae8db6f8469dc847b166',4,NULL),(74,'꿀잠중','2022-11-21 09:31:50.925000',NULL,'https://s3.ap-northeast-2.amazonaws.com/c103/P/P_edcc0886-275d-4d40-8433-396ee80c66f7_1668990402927.jpg',_binary '\0',35.20470035137736,126.81219038477771,'0x831f1455a41f17269bb583fe6b229b1804086a49ff9047734989de8a27e25152',4,NULL),(75,'기분이 나쁜 토토','2022-11-21 09:34:46.303000',NULL,'https://s3.ap-northeast-2.amazonaws.com/c103/P/P_79194c86-5087-46d6-acf3-fe48799fd5f0_1668990394956.jpg',_binary '\0',35.204670641688146,126.81047730540075,'0x45de22e569469f98efa063de8ac62b34e98277855cd36c0752ec9317d56b92b2',4,NULL),(76,'Dd','2022-11-21 10:36:54.766000',NULL,'https://s3.ap-northeast-2.amazonaws.com/c103/P/P_ee3b37e7-e7ff-4881-b420-6a9ee4eaa0e2_D71D1EA4-CD76-4F61-8E47-07E3D706FA40.jpeg',_binary '\0',35.20554282616958,126.8113762757366,'0xa9c94fb2c10ecaf0df9a6d4b0d24fe54bf610ed408bf790b102b93ce478ebf53',3,NULL),(77,'ㄹㅎㅎ','2022-11-21 10:43:27.336000',NULL,'https://s3.ap-northeast-2.amazonaws.com/c103/P/P_6c1437f9-bdee-4e81-b750-90c9c5ef6ef6_8F7C18C6-27B7-4855-AE7D-74F576EE86E3.png',_binary '\0',35.20533560898358,126.8113725588104,'0x2a588cd49c5be4ea36c04e6a16d6d2c9efe399de9993d272904831d13a42d3e6',1,NULL),(78,'ㅎㄴㅇㅀ','2022-11-21 10:49:00.103000',NULL,'https://s3.ap-northeast-2.amazonaws.com/c103/P/P_68b9ce8d-9014-49da-81be-8838bf6fd1fb_44.jfif',_binary '\0',35.2059392,126.81216,'0x6de46768cb28af4284db2fa11494a4c931f4a63b77d6ec8a96ae52ae4ffe1aae',1,NULL),(79,'ㅁㄴㅇㄹ','2022-11-21 10:50:29.446000',NULL,'https://s3.ap-northeast-2.amazonaws.com/c103/P/P_b32662c8-8d00-4084-955b-52c57515c9fc_%EB%8F%84%EA%B7%B8.jpg',_binary '\0',35.2059392,126.81216,'0x08712105b634148f2b4c8b4e55e973f3b497a93097b22d97e64064de81eb8c40',1,NULL);
/*!40000 ALTER TABLE `feed` ENABLE KEYS */;
UNLOCK TABLES;

--
-- Table structure for table `memo`
--

DROP TABLE IF EXISTS `memo`;
/*!40101 SET @saved_cs_client     = @@character_set_client */;
/*!50503 SET character_set_client = utf8mb4 */;
CREATE TABLE `memo` (
  `memo_pk` int NOT NULL AUTO_INCREMENT,
  `content` varchar(255) DEFAULT NULL,
  `create_date` datetime(6) DEFAULT NULL,
  `memo_date` datetime(6) DEFAULT NULL,
  `title` varchar(255) DEFAULT NULL,
  `user_pk` int DEFAULT NULL,
  `is_done` bit(1) NOT NULL,
  `dog_pk` int DEFAULT NULL,
  PRIMARY KEY (`memo_pk`),
  KEY `FK7avoeh5anb5s27jp41ih20hir` (`user_pk`),
  KEY `FKktresedr3hbk8gy2pudlljus9` (`dog_pk`),
  CONSTRAINT `FK7avoeh5anb5s27jp41ih20hir` FOREIGN KEY (`user_pk`) REFERENCES `user` (`user_pk`),
  CONSTRAINT `FKktresedr3hbk8gy2pudlljus9` FOREIGN KEY (`dog_pk`) REFERENCES `dog` (`dog_pk`)
) ENGINE=InnoDB AUTO_INCREMENT=288 DEFAULT CHARSET=utf8mb4 COLLATE=utf8mb4_0900_ai_ci;
/*!40101 SET character_set_client = @saved_cs_client */;

--
-- Dumping data for table `memo`
--

LOCK TABLES `memo` WRITE;
/*!40000 ALTER TABLE `memo` DISABLE KEYS */;
INSERT INTO `memo` VALUES (270,'ㄷㅅㅁㅌ','2022-11-17 15:29:16.597000','2022-11-17 21:00:00.000000',NULL,4,_binary '\0',NULL),(271,'오늘 뭐행','2022-11-17 15:29:23.829000','2022-11-17 21:00:00.000000',NULL,4,_binary '',NULL),(273,'ㅇㅇ','2022-11-17 15:40:58.930000','2022-11-17 21:00:00.000000',NULL,5,_binary '',NULL),(274,'산책을 하자','2022-11-17 15:45:00.936000','2022-11-17 21:00:00.000000',NULL,3,_binary '\0',NULL),(276,'나 왔다감!','2022-11-18 15:28:35.175000','2022-11-23 21:00:00.000000',NULL,6,_binary '\0',NULL),(277,'ㄴㄴ','2022-11-18 15:28:52.221000','2022-11-22 21:00:00.000000',NULL,6,_binary '\0',NULL),(278,'메모입니다','2022-11-18 17:13:59.159000','2022-11-18 21:00:00.000000',NULL,3,_binary '\0',NULL),(283,'ㅋㅋ','2022-11-20 16:42:22.070000','2022-11-18 21:00:00.000000',NULL,7,_binary '\0',NULL),(284,'ㅅㅂ','2022-11-20 16:45:27.928000','2022-11-20 21:00:00.000000',NULL,7,_binary '\0',NULL),(287,'발표 하기~~~','2022-11-21 09:47:43.337000','2022-11-21 21:00:00.000000',NULL,4,_binary '',NULL);
/*!40000 ALTER TABLE `memo` ENABLE KEYS */;
UNLOCK TABLES;

--
-- Table structure for table `user`
--

DROP TABLE IF EXISTS `user`;
/*!40101 SET @saved_cs_client     = @@character_set_client */;
/*!50503 SET character_set_client = utf8mb4 */;
CREATE TABLE `user` (
  `user_pk` int NOT NULL AUTO_INCREMENT,
  `create_date` datetime(6) DEFAULT NULL,
  `nick_name` varchar(255) DEFAULT NULL,
  `personal_key` varchar(255) DEFAULT NULL,
  `profile_img` varchar(255) DEFAULT NULL,
  `role` varchar(255) DEFAULT NULL,
  `user_id` varchar(255) DEFAULT NULL,
  `wallet_address` varchar(255) DEFAULT NULL,
  PRIMARY KEY (`user_pk`)
) ENGINE=InnoDB AUTO_INCREMENT=23 DEFAULT CHARSET=utf8mb4 COLLATE=utf8mb4_0900_ai_ci;
/*!40101 SET character_set_client = @saved_cs_client */;

--
-- Dumping data for table `user`
--

LOCK TABLES `user` WRITE;
/*!40000 ALTER TABLE `user` DISABLE KEYS */;
INSERT INTO `user` VALUES (1,'2022-11-04 15:17:26.735000','이건후','0x6e4f1424a87536d54d8fa0275aa70682f445d5ecffa882f554c14b246d7d59fc','http://k.kakaocdn.net/dn/EhHsp/btrQyvCs8Ev/oKeAyoAFm5A8KAODLkzLRk/img_640x640.jpg','ROLE_USER','2505797735','0x1B8a22d750395dDB285BAb40Cb7589EAb0d9E9F8'),(2,'2022-11-04 15:39:30.175000','뭉크',NULL,'http://k.kakaocdn.net/dn/bqjg8m/btrMUypIzty/3CEVtwLhBUZZFOCJosrgWK/img_640x640.jpg','ROLE_USER','뭉크',NULL),(3,'2022-11-04 16:21:06.665000','이동명','0x5f8f0819b4ca6ea904bc05d871aacca984806ffda19f506c964972417594339f','http://k.kakaocdn.net/dn/dpk9l1/btqmGhA2lKL/Oz0wDuJn1YV2DIn92f6DVK/img_640x640.jpg','ROLE_USER','2509844488','0xA296ad4D032f2a54CFE17E12C6F8f9289F527701'),(4,'2022-11-05 18:57:53.031000','이민재','0x8677cee1799437b98b72fba269984d23b47e9e3d7825bcae4ade9b567d896efc','http://k.kakaocdn.net/dn/dpk9l1/btqmGhA2lKL/Oz0wDuJn1YV2DIn92f6DVK/img_640x640.jpg','ROLE_USER','2498161683','0x74332Fb695BaD0C15c96477deBA9A874775E98Ac'),(5,'2022-11-07 09:46:07.203000','행송','0xcae2cec7bef3c30dc8ab72b4dec8c12a4f73215bcf3f5b158d73aedcc91e6dca','http://k.kakaocdn.net/dn/dpk9l1/btqmGhA2lKL/Oz0wDuJn1YV2DIn92f6DVK/img_640x640.jpg','ROLE_USER','2507823968','0x35460c948458b6DefdBe37334EA8dfb142eba9bc'),(6,'2022-11-07 14:05:34.710000','김동유','0xe5121a1fb61b9e6b287d70ef57b7ec4603594a53cd46da5c9ecbacdf6e012339','http://k.kakaocdn.net/dn/bw7FmK/btrPnf0RRN3/UXNtJVwPyKGLYrqJizGXeK/img_640x640.jpg','ROLE_USER','2515206882','0x45f50E136B21781729735535DFC170Bbe4d4eb7E'),(7,'2022-11-07 14:57:34.858000','윤정원','0xb17f491d5422b033a6053ded2d436c85da4083bec34e62c7f89b76486546638a','http://k.kakaocdn.net/dn/bDGbsa/btrOjz8MCJU/6uHCB7kyDyxYeasK4N2HkK/img_640x640.jpg','ROLE_USER','2509643933','0x2B79B88BF6A590dF56a72BF66B23fecAf7C0DB79'),(9,'2022-11-08 13:41:31.450000','서정욱',NULL,'http://k.kakaocdn.net/dn/5ZPoo/btrroLpBgvS/BIHtYqMRyxlWFNP5DWtXcK/img_640x640.jpg','ROLE_USER','2516590578',NULL),(10,'2022-11-08 14:36:36.006000','문유주',NULL,'http://k.kakaocdn.net/dn/dpk9l1/btqmGhA2lKL/Oz0wDuJn1YV2DIn92f6DVK/img_640x640.jpg','ROLE_USER','2516663933',NULL),(11,'2022-11-09 17:51:21.941000','가든',NULL,'http://k.kakaocdn.net/dn/bqjg8m/btrMUypIzty/3CEVtwLhBUZZFOCJosrgWK/img_640x640.jpg','ROLE_USER','가든',NULL),(19,'2022-11-11 14:29:46.456000','변성도','0xb9f54345d57ec2e6ff0ff9d49b6a31960578fccae7d6133d79124770e656d482','http://k.kakaocdn.net/dn/dpk9l1/btqmGhA2lKL/Oz0wDuJn1YV2DIn92f6DVK/img_640x640.jpg','ROLE_USER','2516404028','0x1899B4Ff90D6A29FFd4ea01Afb86E7bB86B19a71'),(20,'2022-11-16 11:09:03.173000','세호',NULL,'http://k.kakaocdn.net/dn/dpk9l1/btqmGhA2lKL/Oz0wDuJn1YV2DIn92f6DVK/img_640x640.jpg','ROLE_USER','2527472366',NULL),(21,'2022-11-16 22:01:30.709000','김수',NULL,'http://k.kakaocdn.net/dn/bombic/btrPRB4IdYg/ikw0xMsSjSBIvAaGZFN8o0/img_640x640.jpg','ROLE_USER','2537311990',NULL),(22,'2022-11-20 23:24:08.190000','허쟁',NULL,'http://k.kakaocdn.net/dn/bEXzAe/btrPVDgsK1C/lywmo2iBbKyWlYuJ8WISnk/img_640x640.jpg','ROLE_USER','2542814906',NULL);
/*!40000 ALTER TABLE `user` ENABLE KEYS */;
UNLOCK TABLES;

--
-- Table structure for table `walk`
--

DROP TABLE IF EXISTS `walk`;
/*!40101 SET @saved_cs_client     = @@character_set_client */;
/*!50503 SET character_set_client = utf8mb4 */;
CREATE TABLE `walk` (
  `walk_pk` int NOT NULL AUTO_INCREMENT,
  `coin` int NOT NULL,
  `create_date` datetime(6) DEFAULT NULL,
  `distance` double NOT NULL,
  `walk_path` longtext,
  `dog_pk` int DEFAULT NULL,
  `user_pk` int DEFAULT NULL,
  `dog_pk_list` varchar(255) DEFAULT NULL,
  `time` bigint NOT NULL,
  PRIMARY KEY (`walk_pk`),
  KEY `FKdd2i3ekcn0e2b7simyvc7mr8p` (`dog_pk`),
  KEY `FK6ixi9p8n5ir1votrtf8f0y1no` (`user_pk`),
  CONSTRAINT `FK6ixi9p8n5ir1votrtf8f0y1no` FOREIGN KEY (`user_pk`) REFERENCES `user` (`user_pk`),
  CONSTRAINT `FKdd2i3ekcn0e2b7simyvc7mr8p` FOREIGN KEY (`dog_pk`) REFERENCES `dog` (`dog_pk`)
) ENGINE=InnoDB AUTO_INCREMENT=537 DEFAULT CHARSET=utf8mb4 COLLATE=utf8mb4_0900_ai_ci;
/*!40101 SET character_set_client = @saved_cs_client */;

--
-- Dumping data for table `walk`
--

LOCK TABLES `walk` WRITE;
/*!40000 ALTER TABLE `walk` DISABLE KEYS */;
INSERT INTO `walk` VALUES (388,100,'2022-11-17 15:20:15.600000',0,'35.2056721,126.8115351,35.2059392,126.81216,',NULL,4,'37,',36000),(389,100,'2022-11-17 15:21:19.895000',0,'35.2059392,126.81216,',NULL,4,'37,',22000),(390,100,'2022-11-17 15:33:00.914000',0,'35.2056816,126.8115508,35.192573,126.8061843,',NULL,19,'35,',7000),(391,100,'2022-11-17 15:37:00.101000',0,'35.2059392,126.81216,',NULL,7,'38,',12000),(392,100,'2022-11-17 15:40:14.825000',0,'35.205254936705714,126.81141537012789,35.20578769627543,126.81115399869029,35.205830576573135,126.81115069217218,35.205254936705714,126.81141537012789,',NULL,5,'41,',23000),(393,100,'2022-11-17 15:40:34.052000',0,'35.2056455,126.811549,35.2059392,126.81216,',NULL,4,'37,40,42,',107000),(394,100,'2022-11-17 15:55:13.932000',0,'35.205254936705714,126.81141537012789,35.20573470690938,126.81118486641178,35.205254936705714,126.81141537012789,',NULL,5,'41,',119000),(395,100,'2022-11-17 16:01:04.306000',0,'35.2056468,126.8115182,',NULL,4,'37,',58000),(396,100,'2022-11-17 16:01:47.936000',0,'35.2056672,126.8115494,35.2056405,126.8115138,',NULL,4,'42,37,40,',33000),(397,100,'2022-11-17 16:39:27.268000',0,'35.2059392,126.81216,35.2059392,126.81216,',NULL,5,'41,',1000),(398,100,'2022-11-17 16:39:43.926000',0,'35.2059392,126.81216,',NULL,5,'41,',1000),(399,100,'2022-11-17 17:27:34.284000',0,'35.2056741,126.8115402,',NULL,4,'42,',37000),(400,100,'2022-11-18 10:06:18.100000',0,'35.1674238,126.9379845,35.1674238,126.9379845,',NULL,19,'39,',4000),(401,100,'2022-11-18 10:21:33.091000',0,'35.1305728,126.9170176,',NULL,4,'40,',8000),(402,100,'2022-11-18 15:13:47.621000',0,'35.1674238,126.9379845,35.1674238,126.9379845,',NULL,19,'39,',68000),(403,100,'2022-11-18 15:14:01.209000',0,'35.1674238,126.9379845,35.1674238,126.9379845,',NULL,19,'39,',3000),(404,100,'2022-11-18 15:14:36.425000',0,'35.1674238,126.9379845,35.1674238,126.9379845,',NULL,19,'39,',3000),(405,100,'2022-11-18 15:15:10.708000',0,'35.17711032311598,126.91613300065205,35.17711032311598,126.91613300065205,',NULL,19,'19,35,39,',5000),(406,100,'2022-11-18 15:15:18.217000',0,'35.17711032311598,126.91613300065205,35.17711032311598,126.91613300065205,',NULL,19,'39,',2000),(407,100,'2022-11-18 15:17:07.837000',0,'35.17711032311598,126.91613300065205,35.17711032311598,126.91613300065205,',NULL,19,'39,',1000),(408,100,'2022-11-18 15:17:42.848000',0,'35.176142922270316,126.9162341585652,35.17711032311598,126.91613300065205,35.17612404449145,126.91622909915924,',NULL,19,'39,',5000),(409,100,'2022-11-18 15:18:20.059000',0,'35.17711015283429,126.91613351149714,35.17711015283429,126.91613351149714,',NULL,19,'39,',4000),(410,100,'2022-11-18 15:18:22.632000',0,'35.1469568,126.7695616,',NULL,1,'43,',53000),(411,100,'2022-11-18 15:18:56.238000',0,'35.1674238,126.9379845,35.1674238,126.9379845,',NULL,19,'39,',2000),(412,100,'2022-11-18 15:19:46.892000',0,'35.1674238,126.9379845,35.1674238,126.9379845,',NULL,19,'39,',2000),(413,100,'2022-11-18 15:25:30.968000',0,'35.1416162,126.8514809,35.1416162,126.8514809,',NULL,7,'38,',20000),(414,100,'2022-11-18 15:33:01.820000',0,'35.1416116,126.851494,',NULL,7,'38,',3000),(415,100,'2022-11-18 15:41:16.490000',0,'35.141584,126.8515164,',NULL,7,'47,38,',58000),(416,100,'2022-11-18 16:06:51.430000',0,'35.1416264,126.8514737,35.1416171,126.851513,',NULL,7,'47,38,',62000),(417,100,'2022-11-18 16:06:55.829000',0,'35.177107,126.9161413,',NULL,19,'39,',84000),(420,100,'2022-11-18 16:40:17.081000',0,'35.1416014,126.8515121,35.1416014,126.8515121,',NULL,7,'47,38,',1000),(421,100,'2022-11-18 16:41:16.822000',0,'35.1416055,126.8514958,',NULL,7,'47,38,',1000),(423,100,'2022-11-18 18:22:53.199000',0,'35.1372934,126.9160617,',NULL,4,'40,',16000),(424,100,'2022-11-18 18:33:24.450000',0.66,'35.21765205446035,126.84450834451016,35.2177055460019,126.8448959065124,35.21764698159505,126.84464544532175,35.21761111788891,126.84452833366727,35.21753350255074,126.84437926903708,35.21749644918588,126.84433635862624,35.21745387898362,126.84428279553958,35.217457867009955,126.84423711834893,35.21748308698297,126.84418660621841,35.21746721935174,126.84409621227296,35.2174748418096,126.84403737222665,35.2176454203781,126.84400617279204,35.2175585175379,126.84401531852374,35.21746932772777,126.84403186202822,35.21738791971631,126.84402475298762,35.217321414822926,126.84401421672207,35.21724369034007,126.84401067071046,35.217187470138974,126.84400866982969,35.21710913171391,126.84400460508415,35.217050310786426,126.84402957841982,35.21700049001534,126.84399439598704,35.21693580177385,126.84398812287665,35.21688901258068,126.84397297053484,35.21684756223718,126.84395583626684,35.216804732604274,126.84394468048362,35.21676078598112,126.84395307421921,35.21672190720725,126.8439639780946,35.21667225366603,126.84395870557074,35.21662747503773,126.84395863914924,35.216572602464424,126.84399894326718,35.216548021052844,126.84404429071182,35.216551020295995,126.8441078475865,35.21655130260116,126.84416295371882,35.21656538572326,126.84423292218317,35.216567054058224,126.8442959414714,35.216570883383916,126.84435777205036,35.21656728545538,126.84441729801597,35.21657000111832,126.84447120870801,35.21658669548142,126.84454368371223,35.21661144104966,126.8445938509038,35.21659435841454,126.84466460357156,35.21657082773814,126.84473878493795,35.21656099138857,126.84478578352368,35.21654984827401,126.84483031240033,35.21655501515054,126.84489068956654,35.216549183507865,126.84493296505259,35.21653804901656,126.84497411213147,35.21652649748663,126.84501816725012,35.216532551833254,126.84507394196186,35.21655424151826,126.84512843833275,35.216549952686194,126.84522041759456,35.21653574967783,126.84527122165797,35.21650444806807,126.84534214903843,35.21650255037613,126.8454063028859,35.21652765927733,126.84546500663387,35.21654353559301,126.84550751522998,35.21656965853684,126.84557884492328,35.2165709877006,126.8456225262334,35.21655752298202,126.84569289357397,35.21653498332451,126.8457459135861,35.21654245045556,126.84581248217896,35.21653493823032,126.84585262631573,35.216567946705716,126.84589931890454,35.21659872768618,126.84593102811147,35.21663505950005,126.84597106377936,35.21669172810223,126.84601565621863,35.21672152022854,126.84604751127401,35.21681840626179,126.8459705205396,35.216888386816194,126.8458772977692,35.21693822507843,126.84587714152737,35.21698484223197,126.84589780060625,35.21703207117576,126.8458821055834,35.21711057250903,126.8459229187497,35.21715664820128,126.84591995446254,35.21720482294344,126.84589782001343,35.21728756795982,126.84587841972272,35.217365052603746,126.8458454380377,35.21740311026483,126.8458236683448,35.21742151956136,126.84578064666124,35.217444685695,126.84571356679311,35.21745370098653,126.84565338973394,35.21744982740335,126.84561126336615,35.21746226029671,126.84553120620413,35.21748664443589,126.84545751411129,35.21749425718611,126.84537972381389,35.21749715639342,126.84532891184922,35.217498879050495,126.84528669948526,35.21748935897194,126.84523694913129,35.21746555502267,126.84518883883636,35.217455431044456,126.84514625798192,35.21746628303993,126.84509268328218,',NULL,3,'48,',328000),(425,100,'2022-11-18 20:46:39.092000',0,'34.4129536,126.6417664,',NULL,5,'41,',8000),(426,100,'2022-11-18 21:01:36.744000',0,'34.4129536,126.6417664,',NULL,5,'41,',234000),(427,100,'2022-11-18 21:06:05.987000',0,'34.4096768,126.6253824,',NULL,5,'41,',20000),(428,100,'2022-11-18 21:15:50.509000',0.02,'34.41484412840417,126.64500437886795,34.41479593984263,126.64505495701603,34.41486341416316,126.64496376190952,34.414817816609904,126.64501581352822,34.41479581411408,126.64505378354959,',NULL,5,'41,',22000),(429,100,'2022-11-18 21:28:14.093000',0.41,'34.41484412840417,126.64500437886795,34.41464133563863,126.64474918518833,34.41469971559422,126.64473627705745,34.41472004170941,126.64469302643708,34.414767244743516,126.64465364342668,34.41479703603921,126.64458860518491,34.414807599334914,126.64452242463037,34.414800369477696,126.64446647254438,34.41478903365522,126.64442655888712,34.41477248938208,126.64438945983305,34.41482158846633,126.64431315858535,34.41480034034179,126.64427678112558,34.414782109702394,126.64423537452392,34.414801064919004,126.64416071524018,34.41481837932021,126.64411875856345,34.414841245521615,126.64407482660117,34.41485664017481,126.64403291457961,34.41485592460957,126.64398696929472,34.41482033265004,126.64395959857575,34.4147768032772,126.64394971794088,34.41472307557091,126.64396028316914,34.41468893701047,126.64393069460155,34.41465004138594,126.64391555033112,34.414574273226,126.64389067269425,34.41453420199734,126.64387832474164,34.41449265255612,126.64388765735255,34.414415062846984,126.64387216970623,34.41433933923787,126.64384038088257,34.41430982731878,126.64381240989425,34.41427127680681,126.64378752541069,34.41423341839005,126.64376837719132,34.41419476830061,126.64375095733892,34.41411953876087,126.64372207625664,34.4140902591072,126.6436897704556,34.414056477627476,126.64366682397758,34.41402312421957,126.64364198390017,34.41398860747765,126.64361564993818,34.41395022981695,126.64359710384535,34.41391354741027,126.64357585099452,34.413870973452525,126.64356283166714,34.41379164488015,126.64353837052298,34.41372200179743,126.64350564777774,34.413686324486235,126.64344520446222,34.4137011084767,126.64336260221151,34.41371622616451,126.64331160312443,34.413728738898406,126.64326139632513,34.413740414628556,126.64321875055226,34.41374952321443,126.64317057838414,34.41376095974282,126.64313212694897,34.41377570299781,126.64308827245054,34.41379253862589,126.64304593565511,34.413805076351544,126.64300640319692,34.41382269069291,126.64296243648782,34.41384325877866,126.6429229604525,34.41387017645249,126.64288755505189,34.413903925047066,126.6428573476984,34.41393879095087,126.64283407119544,34.41397017061842,126.64280657706746,34.41402649927574,126.64274221692386,34.414059207084776,126.64271132496525,34.41408625347974,126.64268149643942,34.41411643896147,126.64265347275047,34.41417937698399,126.64261019747661,34.414211908125566,126.64258368027792,34.414275251051386,126.6425336508776,34.41431470185173,126.64252048083738,34.414347869153595,126.64249279104088,34.414414933496865,126.64245340479015,34.41444783943279,126.6424300740506,34.41448354629444,126.64240666058636,34.41454893422396,126.64236218266944,34.41457230599983,126.64232929304693,34.4146283649134,126.64230439546087,34.414692715911386,126.64225891120411,34.41475911128393,126.64221762217758,34.41478761629346,126.64218562673852,34.414802044297005,126.64214801167114,34.414777609473774,126.64209041744915,34.41473373071541,126.6420314717044,34.41469312550028,126.64196734253274,34.41466551936225,126.64193397095502,34.41462603362222,126.64187832961855,34.41458443413827,126.64181933899286,34.41454246239109,126.64175531192694,34.41451859557119,126.64172259179452,34.41447631359168,126.64166408222474,34.414444673478606,126.64161543001075,34.4144908518832,126.6416438541086,34.41453641343261,126.64170922943359,34.41456710940288,126.6417349131739,34.4146189433819,126.64179688160723,34.41468321748514,126.64189261412815,34.414675659532115,126.64193479356042,34.414706421116755,126.64197963674239,34.414748707818255,126.6420428362923,34.41478142949716,126.64209988197999,34.41479424170004,126.64214683035588,34.414844667814386,126.64220465313726,34.41496067437875,126.64226381977602,34.41496413435561,126.6422796113652,34.414978694235415,126.64230076217639,',NULL,5,'41,',7000),(430,100,'2022-11-18 21:29:17.720000',0,'34.41503371337755,126.64233005342624,34.414854948440954,126.64229999308161,',NULL,5,'41,',16000),(431,100,'2022-11-18 21:57:37.713000',0,'34.41484412840417,126.64500437886795,',NULL,5,'41,',21000),(432,100,'2022-11-18 21:57:40.258000',0,'34.4129536,126.6417664,',NULL,3,'48,',42000),(433,100,'2022-11-19 15:58:24.393000',0,'35.2147427,126.8435798,35.2147586,126.8436329,35.2147566,126.8437438,',NULL,3,'49,48,',1000),(434,100,'2022-11-19 20:39:58.692000',0,'35.1830016,126.8154368,',NULL,5,'41,',1000),(435,100,'2022-11-19 20:40:52.752000',0,'35.1830016,126.8154368,35.1830016,126.8154368,',NULL,5,'41,',6000),(436,100,'2022-11-19 20:41:22.170000',0,'35.1830016,126.8154368,35.1830016,126.8154368,',NULL,5,'41,',0),(437,100,'2022-11-19 20:53:45.358000',0,'35.1415821,126.8515138,',NULL,7,'47,38,',1000),(438,100,'2022-11-19 20:54:13.873000',0,'35.1415821,126.8515138,35.1415821,126.8515138,',NULL,7,'47,38,',1000),(439,100,'2022-11-19 20:54:28.991000',0,'35.1418905,126.8515207,35.1418905,126.8515207,',NULL,7,'47,38,',1000),(440,100,'2022-11-19 20:55:12.153000',0,'35.1418905,126.8515207,35.1418905,126.8515207,',NULL,7,'38,47,',1000),(441,100,'2022-11-19 20:55:47.727000',0,'35.1415989,126.8514962,35.1415989,126.8514962,',NULL,7,'47,38,',1000),(442,100,'2022-11-19 20:56:06.157000',0,'35.1830016,126.8154368,35.1830016,126.8154368,',NULL,5,'41,',2000),(443,100,'2022-11-19 20:56:42.078000',0,'35.1830016,126.8154368,35.1830016,126.8154368,',NULL,5,'41,',4000),(444,100,'2022-11-19 20:57:27.823000',0,'35.1830016,126.8154368,35.1830016,126.8154368,',NULL,5,'41,',1000),(445,100,'2022-11-19 20:59:05.845000',0,'35.1416047,126.8515011,35.1416047,126.8515011,',NULL,7,'47,38,',1000),(446,100,'2022-11-19 21:00:05.634000',0,'',NULL,7,'47,38,',0),(447,100,'2022-11-19 21:00:11.094000',0,'',NULL,7,'47,38,',0),(448,100,'2022-11-19 21:00:20.249000',0,'',NULL,7,'47,38,',0),(449,100,'2022-11-19 21:00:29.310000',0,'',NULL,7,'47,38,',0),(450,100,'2022-11-19 21:02:13.971000',0,'35.141621,126.8514938,35.141621,126.8514938,',NULL,7,'47,38,',1000),(451,100,'2022-11-19 21:02:35.701000',0,'35.141599,126.8515104,',NULL,7,'47,38,',0),(452,100,'2022-11-19 21:02:50.058000',0,'35.141599,126.8515104,',NULL,7,'47,38,',3000),(453,100,'2022-11-19 21:02:55.292000',0,'35.141599,126.8515104,',NULL,7,'38,47,',0),(454,100,'2022-11-19 21:03:10.573000',0,'35.141599,126.8515104,',NULL,7,'47,38,',4000),(455,100,'2022-11-19 21:03:21.395000',0,'35.1416193,126.8514905,',NULL,7,'47,38,',0),(456,100,'2022-11-19 21:04:36.969000',0,'35.1419265,126.85153,35.1419265,126.85153,',NULL,7,'47,38,',1000),(457,100,'2022-11-19 21:04:42.512000',0,'35.1419265,126.85153,',NULL,7,'47,38,',0),(458,100,'2022-11-19 21:07:27.578000',0,'35.1416214,126.8514909,',NULL,7,'47,38,',0),(459,100,'2022-11-19 21:07:32.949000',0,'35.1416214,126.8514909,',NULL,7,'47,38,',0),(460,100,'2022-11-19 21:07:44.901000',0,'35.1416214,126.8514909,',NULL,7,'47,38,',0),(461,100,'2022-11-19 21:07:50.024000',0,'35.1416214,126.8514909,',NULL,7,'47,38,',1000),(462,100,'2022-11-19 21:11:14.525000',0,'35.1416145,126.8514982,35.1416145,126.8514982,',NULL,7,'47,38,',1000),(463,100,'2022-11-19 21:11:26.359000',0,'35.1416145,126.8514982,',NULL,7,'47,38,',1000),(464,100,'2022-11-19 21:13:54.391000',0,'35.1830016,126.8154368,',NULL,5,'41,',1000),(465,100,'2022-11-19 21:15:50.768000',0,'35.1830016,126.8154368,',NULL,5,'41,',19000),(466,100,'2022-11-19 21:16:47.291000',0,'35.1830016,126.8154368,',NULL,5,'41,',1000),(467,100,'2022-11-19 21:19:38.744000',0,'35.1415996,126.851512,',NULL,7,'47,38,',0),(468,100,'2022-11-19 21:20:21.843000',0,'35.1415996,126.851512,',NULL,7,'47,38,',2000),(469,100,'2022-11-19 21:20:29.682000',0,'35.1415996,126.851512,',NULL,7,'47,38,',0),(470,100,'2022-11-19 21:22:45.506000',0,'35.1415967,126.8515127,',NULL,7,'47,38,',0),(471,100,'2022-11-19 21:22:49.528000',0,'35.1415967,126.8515127,',NULL,7,'47,38,',0),(472,100,'2022-11-19 21:22:54.275000',0,'35.1415967,126.8515127,',NULL,7,'47,38,',1000),(473,100,'2022-11-19 21:27:59.692000',0,'35.1416088,126.8514853,',NULL,7,'47,38,',0),(474,100,'2022-11-19 21:27:59.692000',0,'35.1416088,126.8514853,',NULL,7,'47,38,',0),(475,100,'2022-11-19 21:28:36.100000',0,'35.1830016,126.8154368,35.1830016,126.8154368,',NULL,5,'41,',2000),(476,100,'2022-11-19 21:29:14.702000',0,'35.1830016,126.8154368,',NULL,5,'41,',2000),(477,100,'2022-11-19 21:30:02.495000',0,'35.1830016,126.8154368,35.1830016,126.8154368,',NULL,5,'41,',5000),(478,100,'2022-11-19 21:31:01.885000',0,'35.1830016,126.8154368,35.1830016,126.8154368,',NULL,5,'41,',0),(479,100,'2022-11-19 21:32:06.589000',0,'35.1830016,126.8154368,35.1830016,126.8154368,',NULL,5,'41,',6000),(480,100,'2022-11-19 21:33:59.558000',0,'35.1830016,126.8154368,35.1830016,126.8154368,',NULL,5,'41,',4000),(481,100,'2022-11-19 21:35:00.939000',0,'35.1830016,126.8154368,',NULL,5,'41,',3000),(482,100,'2022-11-19 21:35:51.198000',0,'35.1416158,126.8515049,',NULL,7,'38,',0),(483,100,'2022-11-19 21:35:51.198000',0,'35.1416158,126.8515049,',NULL,7,'38,',0),(484,100,'2022-11-19 21:36:55.947000',0,'35.1830016,126.8154368,35.1830016,126.8154368,',NULL,5,'41,',31000),(485,100,'2022-11-19 21:38:31.885000',0,'35.1830016,126.8154368,35.1830016,126.8154368,',NULL,5,'41,',3000),(486,100,'2022-11-19 21:38:44.008000',0,'',NULL,7,'47,38,',0),(487,100,'2022-11-19 21:57:50.294000',0,'35.1415996,126.851512,',NULL,7,'47,38,',0),(488,100,'2022-11-19 21:58:08.186000',0,'35.1415996,126.851512,',NULL,7,'47,38,',0),(489,100,'2022-11-19 21:58:15.847000',0,'35.1415996,126.851512,',NULL,7,'47,38,',1000),(490,100,'2022-11-20 13:31:36.633000',0.02,'35.161204062934296,126.88476032129576,35.161192428617355,126.88504920971127,35.16133232511129,126.8851770368655,',NULL,5,'41,',6000),(491,100,'2022-11-20 13:32:37.893000',0,'35.16114495959752,126.88537477710464,',NULL,5,'41,',1000),(492,100,'2022-11-20 13:46:56.462000',0,'35.2056824,126.811552,35.2056678,126.8115107,35.2056817,126.8115555,35.205675,126.811562,35.1372994,126.9160349,35.1465671,126.9179836,',NULL,4,'42,40,',2000),(493,100,'2022-11-20 13:48:20.050000',0.01,'35.1465635,126.9179867,35.1465404,126.9179258,35.1466036,126.9178776,',NULL,4,'40,37,',44000),(494,100,'2022-11-20 13:50:17.351000',0,'35.146581,126.9179861,35.1466955,126.9178571,',NULL,4,'40,',63000),(495,100,'2022-11-20 13:51:54.925000',0,'35.1465791,126.9179968,',NULL,4,'40,',60000),(496,100,'2022-11-20 13:56:21.593000',0,'35.1465702,126.9179932,35.1465702,126.9179932,35.14657,126.9179912,35.146581,126.917985,35.1465802,126.9179941,35.1465798,126.9179793,',NULL,4,'40,',15000),(497,100,'2022-11-20 13:57:18.324000',0,'35.1465737,126.9179898,35.1465737,126.9179898,35.1465851,126.9179842,35.1465818,126.9179859,35.1465742,126.9179752,',NULL,4,'40,',11000),(498,100,'2022-11-20 13:59:04.486000',0,'35.1465594,126.9179932,35.1465594,126.9179932,35.1465941,126.9179902,35.1465754,126.9179782,35.1466007,126.9179844,35.1465938,126.9179757,35.1465838,126.9179781,35.1465814,126.9179768,35.1466069,126.9179568,35.1466263,126.9179652,35.1466162,126.9179337,35.1466078,126.9179058,35.146607,126.917903,35.1466075,126.9179047,35.1466082,126.9179043,35.1466403,126.9178745,35.1466625,126.9178498,35.1466757,126.9178486,35.1466756,126.9178506,35.1466815,126.9178721,35.1466855,126.9178726,35.1466857,126.9178714,35.1466855,126.9178713,',NULL,4,'42,',65000),(499,100,'2022-11-20 14:10:48.726000',0.02,'35.1465654,126.9179922,35.1465654,126.9179922,35.1465688,126.9179811,35.1465709,126.917984,35.1465696,126.917983,35.146569,126.9179821,35.1465658,126.9179846,35.1465678,126.9179835,35.1465679,126.9179868,35.1465655,126.9179903,35.1465858,126.917941,35.146609,126.9178815,',NULL,4,'37,',32000),(500,100,'2022-11-20 14:16:35.659000',0.06,'35.14656383300658,126.91803730847911,35.14656383300658,126.91803730847911,35.146587897200725,126.91811809108026,35.14658975006489,126.91812913145063,35.14657113430796,126.91811125218634,35.14655528127695,126.91771172930198,35.146596855516684,126.91780468460816,35.14660050164456,126.91784139734405,35.14657238035942,126.91783670347827,35.146583947385906,126.91781784419615,35.1465852465809,126.91781625163453,',NULL,7,'47,38,',27000),(501,100,'2022-11-20 14:16:43.586000',0.24,'35.1465182,126.9181011,35.1465182,126.9181011,35.1465275,126.9180983,35.1465295,126.9180977,35.1465459,126.9180689,35.1465428,126.9181349,35.1465269,126.9183115,35.1466326,126.9185451,35.1466538,126.9185362,35.1469562,126.9182121,35.1470201,126.9181491,35.1470681,126.9181037,35.1470962,126.9180703,35.1471247,126.9180329,35.1471462,126.9180141,35.1471742,126.9179954,35.1471941,126.9179562,35.1472034,126.9179406,35.1472252,126.9179227,35.1472483,126.9178989,35.147278,126.9178539,35.147301,126.9178052,35.1473116,126.9177734,35.1473361,126.9177278,35.1473752,126.9176897,35.1473953,126.917674,35.1474197,126.917652,35.1474468,126.9176281,35.147485,126.9175801,35.1475005,126.9175414,35.1475116,126.9175133,35.1475179,126.9175003,35.1475381,126.9174784,35.1475826,126.9174288,35.1476145,126.9173932,35.147645,126.9173647,35.1476626,126.917333,35.1476643,126.9173142,35.1476384,126.9173084,35.1476065,126.9172914,35.1475813,126.9172762,35.1475403,126.9172398,35.147517,126.9172131,35.1474923,126.9171785,35.1474516,126.9171408,35.147426,126.9171214,35.1473873,126.9170945,35.1473485,126.9170731,35.1473143,126.917068,35.14729,126.917064,35.1472684,126.9170577,35.147242,126.9170548,35.1472193,126.9170706,35.1472013,126.917101,35.1471864,126.9171107,35.1471604,126.9171287,35.1471276,126.9171508,35.1470951,126.9171764,35.1470587,126.9172181,35.1470308,126.917248,35.1470043,126.9172749,35.1469772,126.9173064,35.1469563,126.9173326,35.1469321,126.9173578,35.1469002,126.9173805,35.1468623,126.9173989,35.1468328,126.9174096,35.1467951,126.917426,35.1467517,126.9174487,35.1467168,126.9174747,35.146668,126.9175087,35.1466337,126.9175341,35.1465933,126.9175629,35.1465357,126.9176039,35.1465091,126.9176167,35.1464707,126.9176348,35.1464504,126.9176524,35.1464551,126.917685,35.1464876,126.9177324,35.1465159,126.9177684,35.1465356,126.9177874,35.1465591,126.9178123,35.1465901,126.9178447,35.1466198,126.9178721,',NULL,4,'37,',277000),(502,100,'2022-11-20 14:17:23.427000',0,'35.14653,126.9180208,35.14653,126.9180208,35.1465295,126.9180008,',NULL,5,'41,',58000),(503,100,'2022-11-20 14:18:39.980000',0,'35.1465306,126.9179968,35.1465306,126.9179968,',NULL,5,'41,',2000),(504,100,'2022-11-20 14:24:29.782000',0.03,'35.1464987,126.917827,35.1465514,126.9178348,35.1465475,126.9179024,35.146519,126.9180114,35.1464978,126.9180856,',NULL,4,'37,',17000),(505,100,'2022-11-20 14:26:50.407000',0.22,'35.146423492068394,126.91777806114753,35.14645865624377,126.91753459019442,35.14651557364657,126.9174957827079,35.14656867713177,126.91744580294822,35.14662974868562,126.91742368808487,35.146696521474325,126.91743294591738,35.14675318412432,126.9174280322244,35.14679382072621,126.91737702642874,35.14685573831702,126.91735830136713,35.1469071761187,126.91732884087416,35.14697969631152,126.91729108179521,35.147031905446426,126.91725777213195,35.147070345384535,126.91724141712336,35.147120364985554,126.91718405337319,35.14716323607232,126.91716493940726,35.14718379990198,126.9171287805692,35.147208489434696,126.91708056863666,35.14725159331175,126.91706373431036,35.14730043868231,126.91708028050373,35.147363534159034,126.91712060018018,35.14741012223989,126.91716582518374,35.14746692742386,126.91720565828379,35.147527935030695,126.91724672239452,35.147572508575706,126.91728915143008,35.14763093722486,126.91732902522259,35.14766298448048,126.9173839488044,35.14766839701541,126.91742465063095,35.147634299794966,126.91745402749866,',NULL,3,'48,',148000),(506,100,'2022-11-20 14:29:16.084000',0.45,'35.1465956,126.9181441,35.1465761,126.9181833,35.1465255,126.9182754,35.1465489,126.9183269,35.1465777,126.9183651,35.1465884,126.9184388,35.1466241,126.9184759,35.1467011,126.9185099,35.1467366,126.9184902,35.1467985,126.9184441,35.1468935,126.9183542,35.1469516,126.9182807,35.1470133,126.9182009,35.1470678,126.9181577,35.1471181,126.9181064,35.1471522,126.91807,35.1471972,126.9180093,35.147216,126.9179662,35.147258,126.917901,35.1472915,126.9178318,35.1473162,126.917796,35.1473693,126.9177259,35.1474404,126.9176541,35.1474903,126.9176008,35.147523,126.9175589,35.1476074,126.9174752,35.1476331,126.9174278,35.1476573,126.9173848,35.1476148,126.9173087,35.1475648,126.9172628,35.1475305,126.9172178,35.1475005,126.9171748,35.1474671,126.9171183,35.1474207,126.9170829,35.1473707,126.9170591,35.1473005,126.9170467,35.1472594,126.9170547,35.1472196,126.9171041,35.1471686,126.9171663,35.1471169,126.91719,35.1470843,126.9172187,35.1470425,126.917254,35.1469764,126.9172927,35.1469418,126.9173207,35.1469063,126.9173422,35.1468513,126.9173967,35.1467691,126.9174305,35.1467264,126.917458,35.146651,126.9175037,35.1465825,126.917556,35.1464987,126.9175957,35.1464602,126.9176305,35.1464702,126.9176853,35.1464835,126.9177272,35.1465032,126.9177788,35.1465331,126.9178346,35.1465665,126.9179116,',NULL,4,'37,',253000),(507,100,'2022-11-20 15:11:27.836000',0,'35.146544759049725,126.91802541515571,35.146544759049725,126.91802541515571,',NULL,19,'39,',0),(508,100,'2022-11-20 15:12:30.893000',0,'35.146544759049725,126.91802541515571,35.146544759049725,126.91802541515571,',NULL,19,'39,',2000),(509,100,'2022-11-20 15:17:31.143000',0,'35.14685290543347,126.91747691154931,35.14685290543347,126.91747691154931,',NULL,19,'39,',80000),(510,100,'2022-11-20 15:21:11.311000',0.4,'35.14675860138548,126.91842933921482,35.146700085400084,126.91839780755822,35.14658785796504,126.91854662054338,35.14664568748566,126.91859468135456,35.14669989643754,126.9185653537866,35.14673985008431,126.91854161088509,35.146780430054015,126.91849743970113,35.146797329515564,126.91846016153941,35.14684581603993,126.91840474968602,35.146883862786055,126.91836697728499,35.14691034538837,126.91832364729841,35.14692726971674,126.91827203584661,35.14696519115647,126.91824625543491,35.14700781046702,126.91822465770115,35.14719315604749,126.91811738131696,35.14714901835347,126.91811642820907,35.147169473011544,126.91805575370084,35.14719086813431,126.91799532371597,35.14721614995008,126.91795148073564,35.147210896193194,126.91791059242553,35.1472722544336,126.91786046676404,35.14730304581011,126.91782026088721,35.14734888043118,126.91777582505362,35.1473712469334,126.91774095446873,35.147387026548444,126.91769849457175,35.14740064022815,126.91765621951052,35.147438718499615,126.91760816637382,35.14747832745812,126.91754889322674,35.14752193386384,126.91750112049958,35.14757833187387,126.91744480845091,35.14761354515849,126.91741736600086,35.14770009541708,126.9174370903195,35.14774132693102,126.91747783065762,35.14770176426865,126.91742590176409,35.14766616736908,126.9174004562773,35.147614723191666,126.91733242448068,35.14757583956687,126.91729074994137,35.147531765488694,126.91725696953839,35.147508712670835,126.91722146533914,35.14748427408351,126.91717946631881,35.14744435421415,126.91712810454018,35.14738566011732,126.91709416843729,35.1473437134636,126.91707729994265,35.14728788732265,126.91708577491644,35.14723101020399,126.91712766532467,35.147189345627034,126.91714897696629,35.14714831472981,126.9171695991167,35.147108403337434,126.91719834291388,35.14707263237249,126.91722008820136,35.14700920711567,126.91725336108323,35.14697339293098,126.91728741065236,35.146931608177034,126.91733426473313,35.14690689014163,126.91739033030557,35.14687712527438,126.91742584292439,35.14683546140611,126.91747411081035,35.14681243425696,126.91751214383085,35.14677154671719,126.91752678379888,35.146734217927815,126.917551354625,35.14669487376151,126.91757423514922,35.1466468219193,126.91758713855468,35.14661083781437,126.91761522911297,35.146561013916525,126.91760246145707,35.14653084353446,126.91764126561034,35.14654362336014,126.9177135196861,35.14655346308469,126.91775729104188,',NULL,3,'48,',244000),(511,0,'2022-11-20 15:50:32.723000',0,'35.1493479,126.9218479,',NULL,7,'47,38,',5000),(512,0,'2022-11-20 16:04:10.323000',0,'35.1493479,126.9218479,',NULL,7,'47,38,',3000),(513,0,'2022-11-20 16:04:17.562000',0,'35.1493479,126.9218479,',NULL,7,'47,38,',3000),(514,0,'2022-11-20 16:04:58.586000',0,'35.1493479,126.9218479,',NULL,7,'47,38,',0),(515,0,'2022-11-20 16:05:04.688000',0,'35.1493479,126.9218479,',NULL,7,'47,38,',1000),(516,0,'2022-11-20 16:34:45.853000',0,'35.1465257,126.9180052,',NULL,7,'38,',20000),(517,0,'2022-11-20 16:35:06.265000',0,'35.1493479,126.9218479,',NULL,7,'38,47,',6000),(518,10,'2022-11-20 16:40:03.121000',0,'35.1493479,126.9218479,',NULL,7,'38,',32000),(519,10,'2022-11-20 16:41:00.041000',0,'35.1493479,126.9218479,',NULL,7,'38,47,',34000),(520,90,'2022-11-20 16:43:47.893000',0,'35.146552620167895,126.91804255100736,35.14545825176624,126.91709900875861,',NULL,19,'39,',428000),(521,0,'2022-11-20 17:01:55.052000',0,'35.2056676,126.8115927,35.2056676,126.8115927,35.2056676,126.8115927,35.2056676,126.8115927,35.2056676,126.8115927,35.2056676,126.8115927,35.2056676,126.8115927,35.2056676,126.8115927,35.2056676,126.8115927,35.2056676,126.8115927,35.2056676,126.8115927,35.2056676,126.8115927,35.2056676,126.8115927,35.2056676,126.8115927,35.2056676,126.8115927,35.2056676,126.8115927,35.2056676,126.8115927,35.2056676,126.8115927,35.2056676,126.8115927,35.2056676,126.8115927,35.2056676,126.8115927,35.2056676,126.8115927,35.2056676,126.8115927,35.2056676,126.8115927,35.2056676,126.8115927,35.2056676,126.8115927,35.2056676,126.8115927,35.2056676,126.8115927,35.2056676,126.8115927,35.2056676,126.8115927,35.2056676,126.8115927,35.2056676,126.8115927,35.2056676,126.8115927,35.2056676,126.8115927,35.2056676,126.8115927,35.2056676,126.8115927,35.2056676,126.8115927,35.2056676,126.8115927,35.2056676,126.8115927,35.2056676,126.8115927,35.2056676,126.8115927,35.2056676,126.8115927,35.2056676,126.8115927,35.2056676,126.8115927,35.2056676,126.8115927,35.2056676,126.8115927,35.2056676,126.8115927,35.2056676,126.8115927,35.2056676,126.8115927,35.2056676,126.8115927,35.2056676,126.8115927,35.2056676,126.8115927,35.2056676,126.8115927,35.2056676,126.8115927,35.2056676,126.8115927,35.2056676,126.8115927,35.2056676,126.8115927,35.2056676,126.8115927,35.2056676,126.8115927,35.2056676,126.8115927,35.2056676,126.8115927,35.2056676,126.8115927,35.2056676,126.8115927,35.2056676,126.8115927,35.2056676,126.8115927,35.2056676,126.8115927,35.2056676,126.8115927,35.2056676,126.8115927,35.2056676,126.8115927,35.2056676,126.8115927,35.2056676,126.8115927,35.2056676,126.8115927,35.2056676,126.8115927,35.2056676,126.8115927,35.2056676,126.8115927,35.2056676,126.8115927,35.2056676,126.8115927,35.2056676,126.8115927,35.2056676,126.8115927,35.2056676,126.8115927,35.2056676,126.8115927,35.2056676,126.8115927,35.2056676,126.8115927,35.2056676,126.8115927,35.2056676,126.8115927,35.2056676,126.8115927,35.2056676,126.8115927,35.2056676,126.8115927,35.2056676,126.8115927,35.2056676,126.8115927,35.2056676,126.8115927,35.2056676,126.8115927,35.2056676,126.8115927,35.2056676,126.8115927,35.2056676,126.8115927,35.2056676,126.8115927,35.2056676,126.8115927,35.2056676,126.8115927,35.2056676,126.8115927,35.2056676,126.8115927,35.2056676,126.8115927,35.2056676,126.8115927,35.2056676,126.8115927,35.2056676,126.8115927,35.2056676,126.8115927,35.2056676,126.8115927,35.2056676,126.8115927,35.2056676,126.8115927,35.2056676,126.8115927,35.2056676,126.8115927,35.2056676,126.8115927,35.2056676,126.8115927,35.2056676,126.8115927,35.2056676,126.8115927,35.2056676,126.8115927,35.2056676,126.8115927,35.2056676,126.8115927,35.2056676,126.8115927,35.2056676,126.8115927,35.2056676,126.8115927,35.2056676,126.8115927,35.2056676,126.8115927,35.2056676,126.8115927,35.2056676,126.8115927,35.2056676,126.8115927,35.2056676,126.8115927,35.2056676,126.8115927,35.2056676,126.8115927,35.2056676,126.8115927,35.2056676,126.8115927,35.2056676,126.8115927,35.2056676,126.8115927,35.2056676,126.8115927,35.2056676,126.8115927,35.2056676,126.8115927,35.2056676,126.8115927,35.2056676,126.8115927,35.2056676,126.8115927,35.2056676,126.8115927,35.2056676,126.8115927,35.2056676,126.8115927,35.2056676,126.8115927,35.2056676,126.8115927,35.2056676,126.8115927,35.2056676,126.8115927,35.2056676,126.8115927,35.2056676,126.8115927,35.2056676,126.8115927,35.2056676,126.8115927,35.2056676,126.8115927,35.2056676,126.8115927,35.2056676,126.8115927,35.2056676,126.8115927,35.2056676,126.8115927,35.2056676,126.8115927,35.2056676,126.8115927,35.2056676,126.8115927,35.2056676,126.8115927,35.2056676,126.8115927,35.2056676,126.8115927,35.2056676,126.8115927,35.2056676,126.8115927,35.2056676,126.8115927,35.2056676,126.8115927,35.2056676,126.8115927,35.2056676,126.8115927,35.2056676,126.8115927,35.2056676,126.8115927,35.2056676,126.8115927,35.2056676,126.8115927,35.2056676,126.8115927,35.2056676,126.8115927,35.2056676,126.8115927,35.2056676,126.8115927,35.2056676,126.8115927,35.2056676,126.8115927,35.2056676,126.8115927,35.2056676,126.8115927,35.2056676,126.8115927,35.2056676,126.8115927,35.2056676,126.8115927,35.2056676,126.8115927,35.2056676,126.8115927,35.2056676,126.8115927,35.2056676,126.8115927,35.2056676,126.8115927,35.2056676,126.8115927,35.2056676,126.8115927,35.2056676,126.8115927,35.2056676,126.8115927,35.2056676,126.8115927,35.2056676,126.8115927,35.2056676,126.8115927,35.2056676,126.8115927,35.2056676,126.8115927,35.2056676,126.8115927,35.2056676,126.8115927,35.2056676,126.8115927,35.2056676,126.8115927,35.2056676,126.8115927,35.2056676,126.8115927,35.2056676,126.8115927,35.2056676,126.8115927,35.2056676,126.8115927,35.2056676,126.8115927,35.2056676,126.8115927,35.2056676,126.8115927,35.2056676,126.8115927,35.2056676,126.8115927,35.2056676,126.8115927,35.2056676,126.8115927,35.2056676,126.8115927,35.2056676,126.8115927,35.2056676,126.8115927,35.2056676,126.8115927,35.2056676,126.8115927,35.2056676,126.8115927,35.2056676,126.8115927,35.2056676,126.8115927,35.2056676,126.8115927,35.2056676,126.8115927,35.2056676,126.8115927,35.2056676,126.8115927,35.2056676,126.8115927,35.2056676,126.8115927,35.2056676,126.8115927,35.2056676,126.8115927,35.2056676,126.8115927,35.2056676,126.8115927,35.2056676,126.8115927,35.2056676,126.8115927,35.2056676,126.8115927,35.2056676,126.8115927,35.2056676,126.8115927,35.2056676,126.8115927,35.2056676,126.8115927,35.2056676,126.8115927,35.2056676,126.8115927,35.2056676,126.8115927,35.2056676,126.8115927,35.2056676,126.8115927,35.2056676,126.8115927,35.2056676,126.8115927,35.2056676,126.8115927,35.2056676,126.8115927,35.2056676,126.8115927,35.2056676,126.8115927,35.2056676,126.8115927,35.2056676,126.8115927,35.2056676,126.8115927,35.2056676,126.8115927,35.2056676,126.8115927,35.2056676,126.8115927,35.2056676,126.8115927,35.2056676,126.8115927,35.2056676,126.8115927,35.2056676,126.8115927,35.2056676,126.8115927,35.2056676,126.8115927,35.2056676,126.8115927,35.2056676,126.8115927,35.2056676,126.8115927,35.2056676,126.8115927,35.2056676,126.8115927,35.2056676,126.8115927,35.2056676,126.8115927,35.2056676,126.8115927,35.2056676,126.8115927,35.2056676,126.8115927,35.2056676,126.8115927,35.2056676,126.8115927,35.2056676,126.8115927,35.2056676,126.8115927,35.2056676,126.8115927,35.2056676,126.8115927,35.2056676,126.8115927,35.2056676,126.8115927,35.2056676,126.8115927,35.2056676,126.8115927,35.2056676,126.8115927,35.2056676,126.8115927,35.2056676,126.8115927,35.2056676,126.8115927,35.2056676,126.8115927,35.2056676,126.8115927,35.2056676,126.8115927,35.2056676,126.8115927,35.2056676,126.8115927,35.2056676,126.8115927,35.2056676,126.8115927,35.2056676,126.8115927,35.2056676,126.8115927,35.2056676,126.8115927,35.2056676,126.8115927,35.2056676,126.8115927,35.2056676,126.8115927,35.2056676,126.8115927,35.2056676,126.8115927,35.2056676,126.8115927,35.2056676,126.8115927,35.2056676,126.8115927,35.2056676,126.8115927,35.2056676,126.8115927,35.2056676,126.8115927,35.2056676,126.8115927,35.2056676,126.8115927,35.2056676,126.8115927,35.2056676,126.8115927,35.2056676,126.8115927,35.2056676,126.8115927,35.2056676,126.8115927,35.2056676,126.8115927,35.2056676,126.8115927,35.2056676,126.8115927,35.2056676,126.8115927,35.2056676,126.8115927,35.2056676,126.8115927,35.2056676,126.8115927,35.2056676,126.8115927,35.2056676,126.8115927,35.2056676,126.8115927,35.2056676,126.8115927,35.2056676,126.8115927,35.2056676,126.8115927,35.2056676,126.8115927,35.2056676,126.8115927,35.2056676,126.8115927,35.2056676,126.8115927,35.2056676,126.8115927,35.2056676,126.8115927,35.2056676,126.8115927,35.2056676,126.8115927,35.2056676,126.8115927,35.2056676,126.8115927,35.2056676,126.8115927,35.2056676,126.8115927,35.2056676,126.8115927,35.2056676,126.8115927,35.2056676,126.8115927,35.2056676,126.8115927,35.2056676,126.8115927,35.2056676,126.8115927,35.2056676,126.8115927,35.2056676,126.8115927,35.2056676,126.8115927,35.2056676,126.8115927,35.2056676,126.8115927,35.2056676,126.8115927,35.2056676,126.8115927,35.2056676,126.8115927,35.2056676,126.8115927,35.2056676,126.8115927,35.2056676,126.8115927,35.2056676,126.8115927,35.2056676,126.8115927,35.2056676,126.8115927,35.2056676,126.8115927,35.2056676,126.8115927,35.2056676,126.8115927,35.2056676,126.8115927,35.2056676,126.8115927,35.2056676,126.8115927,35.2056676,126.8115927,35.2056676,126.8115927,35.2056676,126.8115927,35.2056676,126.8115927,35.2056676,126.8115927,35.2056676,126.8115927,35.2056676,126.8115927,35.2056676,126.8115927,35.2056676,126.8115927,35.2056676,126.8115927,35.2056676,126.8115927,35.2056676,126.8115927,35.2056676,126.8115927,35.2056676,126.8115927,35.2056676,126.8115927,35.2056676,126.8115927,35.2056676,126.8115927,35.2056676,126.8115927,35.2056676,126.8115927,35.2056676,126.8115927,35.2056676,126.8115927,35.2056676,126.8115927,35.2056676,126.8115927,35.2056676,126.8115927,35.2056676,126.8115927,35.2056676,126.8115927,35.2056676,126.8115927,35.2056676,126.8115927,35.2056676,126.8115927,35.2056676,126.8115927,35.2056676,126.8115927,35.2056676,126.8115927,35.2056676,126.8115927,35.2056676,126.8115927,35.2056676,126.8115927,35.2056676,126.8115927,35.2056676,126.8115927,35.2056676,126.8115927,35.2056676,126.8115927,35.2056676,126.8115927,35.2056676,126.8115927,35.2056676,126.8115927,35.2056676,126.8115927,35.2056676,126.8115927,35.2056676,126.8115927,35.2056676,126.8115927,35.2056676,126.8115927,35.2056676,126.8115927,35.2056676,126.8115927,35.2056676,126.8115927,35.2056676,126.8115927,35.2056676,126.8115927,35.2056676,126.8115927,35.2056676,126.8115927,35.2056676,126.8115927,35.2056676,126.8115927,35.2056676,126.8115927,35.2056676,126.8115927,35.2056676,126.8115927,35.2056676,126.8115927,35.2056676,126.8115927,35.2056676,126.8115927,35.2056676,126.8115927,35.2056676,126.8115927,35.2056676,126.8115927,35.2056676,126.8115927,35.2056676,126.8115927,35.2056676,126.8115927,35.2056676,126.8115927,35.2056676,126.8115927,35.2056676,126.8115927,35.2056676,126.8115927,35.2056676,126.8115927,35.2056676,126.8115927,35.2056676,126.8115927,35.2056676,126.8115927,35.2056676,126.8115927,35.2056676,126.8115927,35.2056676,126.8115927,35.2056676,126.8115927,35.2056676,126.8115927,35.2056676,126.8115927,35.2056676,126.8115927,35.2056676,126.8115927,35.2056676,126.8115927,35.2056676,126.8115927,35.2056676,126.8115927,35.2056676,126.8115927,35.2056676,126.8115927,35.2056676,126.8115927,35.2056676,126.8115927,35.2056676,126.8115927,35.2056676,126.8115927,35.2056676,126.8115927,35.2056676,126.8115927,35.2056676,126.8115927,35.2056676,126.8115927,35.2056676,126.8115927,35.2056676,126.8115927,35.2056676,126.8115927,35.2056676,126.8115927,35.2056676,126.8115927,35.2056676,126.8115927,35.2056676,126.8115927,35.2056676,126.8115927,35.2056676,126.8115927,35.2056676,126.8115927,35.2056676,126.8115927,35.2056676,126.8115927,35.2056676,126.8115927,35.2056676,126.8115927,35.2056676,126.8115927,35.2056676,126.8115927,35.2056676,126.8115927,35.2056676,126.8115927,35.2056676,126.8115927,35.2056676,126.8115927,35.2056676,126.8115927,35.2056676,126.8115927,35.2056676,126.8115927,35.2056676,126.8115927,35.2056676,126.8115927,35.2056676,126.8115927,35.2056676,126.8115927,35.2056676,126.8115927,35.2056676,126.8115927,35.2056676,126.8115927,35.2056676,126.8115927,35.2056676,126.8115927,35.2056676,126.8115927,35.2056676,126.8115927,35.2056676,126.8115927,35.2056676,126.8115927,35.2056676,126.8115927,35.2056676,126.8115927,35.2056676,126.8115927,35.2056676,126.8115927,35.2056676,126.8115927,35.2056676,126.8115927,35.2056676,126.8115927,35.2056676,126.8115927,35.2056676,126.8115927,35.2056676,126.8115927,35.2056676,126.8115927,35.2056676,126.8115927,35.2056676,126.8115927,35.2056676,126.8115927,35.2056676,126.8115927,35.2056676,126.8115927,35.2056676,126.8115927,35.2056676,126.8115927,35.2056676,126.8115927,35.2056676,126.8115927,35.2056676,126.8115927,35.2056676,126.8115927,35.2056676,126.8115927,35.2056676,126.8115927,35.2056676,126.8115927,35.2056676,126.8115927,35.2056676,126.8115927,35.2056676,126.8115927,35.2056676,126.8115927,35.2056676,126.8115927,35.2056676,126.8115927,35.2056676,126.8115927,35.2056676,126.8115927,35.2056676,126.8115927,35.2056676,126.8115927,35.2056676,126.8115927,35.2056676,126.8115927,35.2056676,126.8115927,35.2056676,126.8115927,35.2056676,126.8115927,35.2056676,126.8115927,35.2056676,126.8115927,35.2056676,126.8115927,35.2056676,126.8115927,35.2056676,126.8115927,35.2056676,126.8115927,35.2056676,126.8115927,35.2056676,126.8115927,35.2056676,126.8115927,35.2056676,126.8115927,35.2056676,126.8115927,35.2056676,126.8115927,35.2056676,126.8115927,35.2056676,126.8115927,35.2056676,126.8115927,35.2056676,126.8115927,35.2056676,126.8115927,35.2056676,126.8115927,35.2056676,126.8115927,35.2056676,126.8115927,35.2056676,126.8115927,35.2056676,126.8115927,35.2056676,126.8115927,35.2056676,126.8115927,35.2056676,126.8115927,35.2056676,126.8115927,35.2056676,126.8115927,35.2056676,126.8115927,35.2056676,126.8115927,35.2056676,126.8115927,35.2056676,126.8115927,35.2056676,126.8115927,35.2056676,126.8115927,35.2056676,126.8115927,35.2056676,126.8115927,35.2056676,126.8115927,35.2056676,126.8115927,35.2056676,126.8115927,35.2056676,126.8115927,35.2056676,126.8115927,35.2056676,126.8115927,35.2056676,126.8115927,35.2056676,126.8115927,35.2056676,126.8115927,35.2056676,126.8115927,35.2056676,126.8115927,35.2056676,126.8115927,35.2056676,126.8115927,35.2056676,126.8115927,35.2056676,126.8115927,35.2056676,126.8115927,35.2056676,126.8115927,35.2056676,126.8115927,35.2056676,126.8115927,35.2056676,126.8115927,35.2056676,126.8115927,35.2056676,126.8115927,35.2056676,126.8115927,35.2056676,126.8115927,35.2056676,126.8115927,35.2056676,126.8115927,35.2056676,126.8115927,35.2056676,126.8115927,35.2056676,126.8115927,35.2056676,126.8115927,35.2056676,126.8115927,35.2056676,126.8115927,35.2056676,126.8115927,35.2056676,126.8115927,35.2056676,126.8115927,35.2056676,126.8115927,35.2056676,126.8115927,35.2056676,126.8115927,35.2056676,126.8115927,35.2056676,126.8115927,35.2056676,126.8115927,35.2056676,126.8115927,35.2056676,126.8115927,35.2056676,126.8115927,35.2056676,126.8115927,35.2056676,126.8115927,35.2056676,126.8115927,35.2056676,126.8115927,35.2056676,126.8115927,35.2056676,126.8115927,35.2056676,126.8115927,35.2056676,126.8115927,35.2056676,126.8115927,35.2056676,126.8115927,35.2056676,126.8115927,35.2056676,126.8115927,35.2056676,126.8115927,35.2056676,126.8115927,35.2056676,126.8115927,35.2056676,126.8115927,35.2056676,126.8115927,35.2056676,126.8115927,35.2056676,126.8115927,35.2056676,126.8115927,35.2056676,126.8115927,35.2056676,126.8115927,35.2056676,126.8115927,35.2056676,126.8115927,35.2056676,126.8115927,35.2056676,126.8115927,35.2056676,126.8115927,35.2056676,126.8115927,35.2056676,126.8115927,35.2056676,126.8115927,35.2056676,126.8115927,35.2056676,126.8115927,35.2056676,126.8115927,35.2056676,126.8115927,35.2056676,126.8115927,35.2056676,126.8115927,35.2056676,126.8115927,35.2056676,126.8115927,35.2056676,126.8115927,35.2056676,126.8115927,35.2056676,126.8115927,35.2056676,126.8115927,35.2056676,126.8115927,35.2056676,126.8115927,35.2056676,126.8115927,35.2056676,126.8115927,35.2056676,126.8115927,35.2056676,126.8115927,35.2056676,126.8115927,35.2056676,126.8115927,35.2056676,126.8115927,35.2056676,126.8115927,35.2056676,126.8115927,35.2056676,126.8115927,35.2056676,126.8115927,35.2056676,126.8115927,35.2056676,126.8115927,35.2056676,126.8115927,35.2056676,126.8115927,35.2056676,126.8115927,35.2056676,126.8115927,35.2056676,126.8115927,35.2056676,126.8115927,35.2056676,126.8115927,35.2056676,126.8115927,35.2056676,126.8115927,35.2056676,126.8115927,35.2056676,126.8115927,35.2056676,126.8115927,35.2056676,126.8115927,35.2056676,126.8115927,35.2056676,126.8115927,35.2056676,126.8115927,35.2056676,126.8115927,35.2056676,126.8115927,35.2056676,126.8115927,35.2056676,126.8115927,35.2056676,126.8115927,35.2056676,126.8115927,35.2056676,126.8115927,35.2056676,126.8115927,35.2056676,126.8115927,35.2056676,126.8115927,35.2056676,126.8115927,35.2056676,126.8115927,35.2056676,126.8115927,35.2056676,126.8115927,35.2056676,126.8115927,35.2056676,126.8115927,35.2056676,126.8115927,35.2056676,126.8115927,35.2056676,126.8115927,35.2056676,126.8115927,35.2056676,126.8115927,35.2056676,126.8115927,35.2056676,126.8115927,35.2056676,126.8115927,35.2056676,126.8115927,35.2056676,126.8115927,35.2056676,126.8115927,35.2056676,126.8115927,35.2056676,126.8115927,35.2056676,126.8115927,35.2056676,126.8115927,35.2056676,126.8115927,35.2056676,126.8115927,35.2056676,126.8115927,35.2056676,126.8115927,35.2056676,126.8115927,35.2056676,126.8115927,35.2056676,126.8115927,35.2056676,126.8115927,35.2056676,126.8115927,35.2056676,126.8115927,35.2056676,126.8115927,35.2056676,126.8115927,35.2056676,126.8115927,35.2056676,126.8115927,35.2056676,126.8115927,35.2056676,126.8115927,35.2056676,126.8115927,35.2056676,126.8115927,35.2056676,126.8115927,35.2056676,126.8115927,35.2056676,126.8115927,35.2056676,126.8115927,35.2056676,126.8115927,35.2056676,126.8115927,35.2056676,126.8115927,35.2056676,126.8115927,35.2056676,126.8115927,35.2056676,126.8115927,35.2056676,126.8115927,35.2056676,126.8115927,35.2056676,126.8115927,35.2056676,126.8115927,35.2056676,126.8115927,35.2056676,126.8115927,35.2056676,126.8115927,35.2056676,126.8115927,35.2056676,126.8115927,35.2056676,126.8115927,35.2056676,126.8115927,35.2056676,126.8115927,35.2056676,126.8115927,35.2056676,126.8115927,35.2056676,126.8115927,35.2056676,126.8115927,35.2056676,126.8115927,35.2056676,126.8115927,35.2056676,126.8115927,35.2056676,126.8115927,35.2056676,126.8115927,35.2056676,126.8115927,35.2056676,126.8115927,35.2056676,126.8115927,35.2056676,126.8115927,35.2056676,126.8115927,35.2056676,126.8115927,35.2056676,126.8115927,35.2056676,126.8115927,35.2056676,126.8115927,35.2056676,126.8115927,35.2056676,126.8115927,35.2056676,126.8115927,35.2056676,126.8115927,35.2056676,126.8115927,35.2056676,126.8115927,35.2056676,126.8115927,35.2056676,126.8115927,35.2056676,126.8115927,35.2056676,126.8115927,35.2056676,126.8115927,35.2056676,126.8115927,35.2056676,126.8115927,35.2056676,126.8115927,35.2056676,126.8115927,35.2056676,126.8115927,35.2056676,126.8115927,35.2056676,126.8115927,35.2056676,126.8115927,35.2056676,126.8115927,35.2056676,126.8115927,35.2056676,126.8115927,35.2056676,126.8115927,35.2056676,126.8115927,35.2056676,126.8115927,35.2056676,126.8115927,35.2056676,126.8115927,35.2056676,126.8115927,35.2056676,126.8115927,35.2056676,126.8115927,35.2056676,126.8115927,35.2056676,126.8115927,35.2056676,126.8115927,35.2056676,126.8115927,35.2056676,126.8115927,35.2056676,126.8115927,35.2056676,126.8115927,35.2056676,126.8115927,35.2056676,126.8115927,35.2056676,126.8115927,35.2056676,126.8115927,35.2056676,126.8115927,35.2056676,126.8115927,35.2056676,126.8115927,35.2056676,126.8115927,35.2056676,126.8115927,35.2056676,126.8115927,35.2056676,126.8115927,35.2056676,126.8115927,35.2056676,126.8115927,35.2056676,126.8115927,35.2056676,126.8115927,35.2056676,126.8115927,35.2056676,126.8115927,35.2056676,126.8115927,35.2056676,126.8115927,35.2056676,126.8115927,35.2056676,126.8115927,35.2056676,126.8115927,35.2056676,126.8115927,35.2056676,126.8115927,35.2056676,126.8115927,35.2056676,126.8115927,35.2056676,126.8115927,35.2056676,126.8115927,35.2056676,126.8115927,35.2056676,126.8115927,35.2056676,126.8115927,35.2056676,126.8115927,35.2056676,126.8115927,35.2056676,126.8115927,35.2056676,126.8115927,35.2056676,126.8115927,35.2056676,126.8115927,35.2056676,126.8115927,35.2056676,126.8115927,35.2056676,126.8115927,35.2056676,126.8115927,35.2056676,126.8115927,35.2056676,126.8115927,35.2056676,126.8115927,35.2056676,126.8115927,35.2056676,126.8115927,35.2056676,126.8115927,35.2056676,126.8115927,35.2056676,126.8115927,35.2056676,126.8115927,35.2056676,126.8115927,35.2056676,126.8115927,35.2056676,126.8115927,35.2056676,126.8115927,35.2056676,126.8115927,35.2056676,126.8115927,35.2056676,126.8115927,35.2056676,126.8115927,35.2056676,126.8115927,35.2056676,126.8115927,35.2056676,126.8115927,35.2056676,126.8115927,35.2056676,126.8115927,35.2056676,126.8115927,35.2056676,126.8115927,35.2056676,126.8115927,35.2056676,126.8115927,35.2056676,126.8115927,35.2056676,126.8115927,35.2056676,126.8115927,35.2056676,126.8115927,35.2056676,126.8115927,35.2056676,126.8115927,35.2056676,126.8115927,35.2056676,126.8115927,35.2056676,126.8115927,35.2056676,126.8115927,35.2056676,126.8115927,35.2056676,126.8115927,35.2056676,126.8115927,35.2056676,126.8115927,35.2056676,126.8115927,35.2056676,126.8115927,35.2056676,126.8115927,35.2056676,126.8115927,35.2056676,126.8115927,35.2056676,126.8115927,35.2056676,126.8115927,35.2056676,126.8115927,35.2056676,126.8115927,35.2056676,126.8115927,35.2056676,126.8115927,35.2056676,126.8115927,35.2056676,126.8115927,35.2056676,126.8115927,35.2056676,126.8115927,35.2056676,126.8115927,35.2056676,126.8115927,35.2056676,126.8115927,35.2056676,126.8115927,35.2056676,126.8115927,35.2056676,126.8115927,35.2056676,126.8115927,35.2056676,126.8115927,35.2056676,126.8115927,35.2056676,126.8115927,35.2056676,126.8115927,35.2056676,126.8115927,35.2056676,126.8115927,35.2056676,126.8115927,35.2056676,126.8115927,35.2056676,126.8115927,35.2056676,126.8115927,35.2056676,126.8115927,35.2056676,126.8115927,35.2056676,126.8115927,35.2056676,126.8115927,35.2056676,126.8115927,35.2056676,126.8115927,35.2056676,126.8115927,35.2056676,126.8115927,35.2056676,126.8115927,35.2056676,126.8115927,35.2056676,126.8115927,35.2056676,126.8115927,35.2056676,126.8115927,35.2056676,126.8115927,35.2056676,126.8115927,35.2056676,126.8115927,35.2056676,126.8115927,35.2056676,126.8115927,35.2056676,126.8115927,35.2056676,126.8115927,35.2056676,126.8115927,35.2056676,126.8115927,35.2056676,126.8115927,35.2056676,126.8115927,35.2056676,126.8115927,35.2056676,126.8115927,35.2056676,126.8115927,35.2056676,126.8115927,35.2056676,126.8115927,35.2056676,126.8115927,35.2056676,126.8115927,35.2056676,126.8115927,35.2056676,126.8115927,35.2056676,126.8115927,35.2056676,126.8115927,35.2056676,126.8115927,35.2056676,126.8115927,35.2056676,126.8115927,35.2056676,126.8115927,35.2056676,126.8115927,35.2056676,126.8115927,35.2056676,126.8115927,35.2056676,126.8115927,35.2056676,126.8115927,35.2056676,126.8115927,35.2056676,126.8115927,35.2056676,126.8115927,35.2056676,126.8115927,35.2056676,126.8115927,35.2056676,126.8115927,35.2056676,126.8115927,35.2056676,126.8115927,35.2056676,126.8115927,35.2056676,126.8115927,35.2056676,126.8115927,35.2056676,126.8115927,35.2056676,126.8115927,35.2056676,126.8115927,35.2056676,126.8115927,35.2056676,126.8115927,35.2056676,126.8115927,35.2056676,126.8115927,35.2056676,126.8115927,35.2056676,126.8115927,35.2056676,126.8115927,35.2056676,126.8115927,35.2056676,126.8115927,35.2056676,126.8115927,35.2056676,126.8115927,35.2056676,126.8115927,35.2056676,126.8115927,35.2056676,126.8115927,35.2056676,126.8115927,35.2056676,126.8115927,35.2056676,126.8115927,35.2056676,126.8115927,35.2056676,126.8115927,35.2056676,126.8115927,35.2056676,126.8115927,35.2056676,126.8115927,35.2056676,126.8115927,35.2056676,126.8115927,35.2056676,126.8115927,35.2056676,126.8115927,35.2056676,126.8115927,35.2056676,126.8115927,35.2056676,126.8115927,35.2056676,126.8115927,35.2056676,126.8115927,35.2056676,126.8115927,35.2056676,126.8115927,35.2056676,126.8115927,35.2056676,126.8115927,35.2056676,126.8115927,35.2056676,126.8115927,35.2056676,126.8115927,35.2056676,126.8115927,35.2056676,126.8115927,35.2056676,126.8115927,35.2056676,126.8115927,35.2056676,126.8115927,35.2056676,126.8115927,35.2056676,126.8115927,35.2056676,126.8115927,35.2056676,126.8115927,35.2056676,126.8115927,35.2056676,126.8115927,35.2056676,126.8115927,35.2056676,126.8115927,35.2056676,126.8115927,35.2056676,126.8115927,35.2056676,126.8115927,35.2056676,126.8115927,35.2056676,126.8115927,35.2056676,126.8115927,35.2056676,126.8115927,35.2056676,126.8115927,35.2056676,126.8115927,35.2056676,126.8115927,35.2056676,126.8115927,35.2056676,126.8115927,35.2056676,126.8115927,35.2056676,126.8115927,35.2056676,126.8115927,35.2056676,126.8115927,35.2056676,126.8115927,35.2056676,126.8115927,35.2056676,126.8115927,35.2056676,126.8115927,35.2056676,126.8115927,35.2056676,126.8115927,35.2056676,126.8115927,35.2056676,126.8115927,35.2056676,126.8115927,35.2056676,126.8115927,35.2056676,126.8115927,35.2056676,126.8115927,35.2056676,126.8115927,35.2056676,126.8115927,35.2056676,126.8115927,35.2056676,126.8115927,35.2056676,126.8115927,35.2056676,126.8115927,35.2056676,126.8115927,35.2056676,126.8115927,35.2056676,126.8115927,35.2056676,126.8115927,35.2056676,126.8115927,35.2056676,126.8115927,35.2056676,126.8115927,35.2056676,126.8115927,35.2056676,126.8115927,35.2056676,126.8115927,35.2056676,126.8115927,35.2056676,126.8115927,35.2056676,126.8115927,35.2056676,126.8115927,35.2056676,126.8115927,35.2056676,126.8115927,35.2056676,126.8115927,35.2056676,126.8115927,35.2056676,126.8115927,35.2056676,126.8115927,35.2056676,126.8115927,35.2056676,126.8115927,35.2056676,126.8115927,35.2056676,126.8115927,35.2056676,126.8115927,35.2056676,126.8115927,35.2056676,126.8115927,35.2056676,126.8115927,35.2056676,126.8115927,35.2056676,126.8115927,35.2056676,126.8115927,35.2056676,126.8115927,35.2056676,126.8115927,35.2056676,126.8115927,35.2056676,126.8115927,35.2056676,126.8115927,35.2056676,126.8115927,35.2056676,126.8115927,35.2056676,126.8115927,35.2056676,126.8115927,35.2056676,126.8115927,35.2056676,126.8115927,35.2056676,126.8115927,35.2056676,126.8115927,35.2056676,126.8115927,35.2056676,126.8115927,35.2056676,126.8115927,35.2056676,126.8115927,35.2056676,126.8115927,35.2056676,126.8115927,35.2056676,126.8115927,35.2056676,126.8115927,35.2056676,126.8115927,35.2056676,126.8115927,35.2056676,126.8115927,35.2056676,126.8115927,35.2056676,126.8115927,35.2056676,126.8115927,35.2056676,126.8115927,35.2056676,126.8115927,35.2056676,126.8115927,35.2056676,126.8115927,35.2056676,126.8115927,35.2056676,126.8115927,35.2056676,126.8115927,35.2056676,126.8115927,35.2056676,126.8115927,35.2056676,126.8115927,35.2056676,126.8115927,35.2056676,126.8115927,35.2056676,126.8115927,35.2056676,126.8115927,35.2056676,126.8115927,35.2056676,126.8115927,35.2056676,126.8115927,35.2056676,126.8115927,35.2056676,126.8115927,35.2056676,126.8115927,35.2056676,126.8115927,35.2056676,126.8115927,35.2056676,126.8115927,35.2056676,126.8115927,35.2056676,126.8115927,35.2056676,126.8115927,35.2056676,126.8115927,35.2056676,126.8115927,35.2056676,126.8115927,35.2056676,126.8115927,35.2056676,126.8115927,35.2056676,126.8115927,35.2056676,126.8115927,35.2056676,126.8115927,35.2056676,126.8115927,35.2056676,126.8115927,35.2056676,126.8115927,35.2056676,126.8115927,35.2056676,126.8115927,35.2056676,126.8115927,35.2056676,126.8115927,35.2056676,126.8115927,35.2056676,126.8115927,35.2056676,126.8115927,35.2056676,126.8115927,35.2056676,126.8115927,35.2056676,126.8115927,35.2056676,126.8115927,35.2056676,126.8115927,35.2056676,126.8115927,35.2056676,126.8115927,35.2056676,126.8115927,35.2056676,126.8115927,35.2056676,126.8115927,35.2056676,126.8115927,35.2056676,126.8115927,35.2056676,126.8115927,35.2056676,126.8115927,35.2056676,126.8115927,35.2056676,126.8115927,35.2056676,126.8115927,35.2056676,126.8115927,35.2056676,126.8115927,35.2056676,126.8115927,35.2056676,126.8115927,35.2056676,126.8115927,35.2056676,126.8115927,35.2056676,126.8115927,35.2056676,126.8115927,35.2056676,126.8115927,35.2056676,126.8115927,35.2056676,126.8115927,35.2056676,126.8115927,',NULL,NULL,NULL,0),(522,0,'2022-11-20 17:09:45.659000',0,'35.1493479,126.9218479,',NULL,7,'47,38,',1000),(523,10,'2022-11-20 17:10:28.668000',0,'35.1493479,126.9218479,',NULL,7,'47,38,',31000),(524,10,'2022-11-20 17:12:29.001000',0,'35.1493479,126.9218479,',NULL,7,'47,38,',31000),(525,10,'2022-11-20 17:13:37.429000',0,'35.1493479,126.9218479,35.1465273,126.9179995,',NULL,7,'47,38,',32000),(526,0,'2022-11-20 17:19:15.176000',0,'35.1493479,126.9218479,',NULL,7,'47,38,',1000),(527,0,'2022-11-20 17:21:28.496000',0,'35.1493479,126.9218479,35.1493479,126.9218479,',NULL,7,'47,38,',10000),(528,0,'2022-11-20 17:25:36.732000',0,'35.1493479,126.9218479,',NULL,7,'47,38,',6000),(529,10,'2022-11-20 17:26:17.513000',0,'35.1493479,126.9218479,',NULL,7,'47,38,',31000),(530,10,'2022-11-20 17:28:45.588000',0,'35.1493479,126.9218479,',NULL,7,'47,38,',30000),(531,0,'2022-11-20 17:28:53.301000',0,'35.1493479,126.9218479,',NULL,7,'47,38,',1000),(532,10,'2022-11-20 17:29:46.239000',0,'35.1493479,126.9218479,',NULL,7,'47,38,',31000),(533,0,'2022-11-21 04:33:27.226000',0,'35.1373042,126.9160417,',NULL,4,'37,',2000),(534,0,'2022-11-21 09:35:09.629000',0,'35.2056364,126.8115363,',NULL,4,'37,',14000),(535,10,'2022-11-21 10:32:25.041000',0,'35.2055962,126.8115128,35.2056287,126.811539,35.2055894,126.8115223,',NULL,4,'37,',48000),(536,0,'2022-11-21 10:32:27.759000',0,'35.20533560898358,126.8113725588104,',NULL,1,'45,43,',0);
/*!40000 ALTER TABLE `walk` ENABLE KEYS */;
UNLOCK TABLES;
/*!40103 SET TIME_ZONE=@OLD_TIME_ZONE */;

/*!40101 SET SQL_MODE=@OLD_SQL_MODE */;
/*!40014 SET FOREIGN_KEY_CHECKS=@OLD_FOREIGN_KEY_CHECKS */;
/*!40014 SET UNIQUE_CHECKS=@OLD_UNIQUE_CHECKS */;
/*!40101 SET CHARACTER_SET_CLIENT=@OLD_CHARACTER_SET_CLIENT */;
/*!40101 SET CHARACTER_SET_RESULTS=@OLD_CHARACTER_SET_RESULTS */;
/*!40101 SET COLLATION_CONNECTION=@OLD_COLLATION_CONNECTION */;
/*!40111 SET SQL_NOTES=@OLD_SQL_NOTES */;

-- Dump completed on 2022-11-21 11:03:14
